cropped_path,label
database/cropped/bananas/5.jpg,bananas
database/cropped/bananas/36.jpg,bananas
database/cropped/bananas/13.jpg,bananas
database/cropped/bananas/10.jpg,bananas
database/cropped/bananas/9.jpg,bananas
database/cropped/bananas/27.jpg,bananas
database/cropped/bananas/28.jpg,bananas
database/cropped/bananas/40.jpg,bananas
database/cropped/bananas/17.jpg,bananas
database/cropped/bananas/38.jpg,bananas
database/cropped/bananas/52.jpg,bananas
database/cropped/bananas/42.jpg,bananas
database/cropped/bananas/26.jpg,bananas
database/cropped/bananas/3.jpg,bananas
database/cropped/bananas/2.jpg,bananas
database/cropped/bananas/22.jpg,bananas
database/cropped/bananas/43.jpg,bananas
database/cropped/bananas/4.jpg,bananas
database/cropped/bananas/6.jpg,bananas
database/cropped/bananas/15.jpg,bananas
database/cropped/bananas/1.jpg,bananas
database/cropped/bananas/37.jpg,bananas
database/cropped/bananas/47.jpg,bananas
database/cropped/bananas/51.jpg,bananas
database/cropped/bananas/21.jpg,bananas
database/cropped/bananas/14.jpg,bananas
database/cropped/bananas/16.jpg,bananas
database/cropped/bananas/30.jpg,bananas
database/cropped/bananas/29.jpg,bananas
database/cropped/bananas/34.jpg,bananas
database/cropped/bananas/8.jpg,bananas
database/cropped/bananas/31.jpg,bananas
database/cropped/bananas/35.jpg,bananas
database/cropped/bananas/54.jpg,bananas
database/cropped/bananas/50.jpg,bananas
database/cropped/bananas/49.jpg,bananas
database/cropped/bananas/53.jpg,bananas
database/cropped/bananas/39.jpg,bananas
database/cropped/bananas/32.jpg,bananas
database/cropped/rice/0.jpg,rice
database/cropped/rice/5.jpg,rice
database/cropped/rice/13.jpg,rice
database/cropped/rice/10.jpg,rice
database/cropped/rice/9.jpg,rice
database/cropped/rice/17.jpg,rice
database/cropped/rice/20.jpg,rice
database/cropped/rice/3.jpg,rice
database/cropped/rice/2.jpg,rice
database/cropped/rice/4.jpg,rice
database/cropped/rice/6.jpg,rice
database/cropped/rice/15.jpg,rice
database/cropped/rice/1.jpg,rice
database/cropped/rice/7.jpg,rice
database/cropped/rice/14.jpg,rice
database/cropped/rice/16.jpg,rice
database/cropped/rice/11.jpg,rice
database/cropped/rice/12.jpg,rice
database/cropped/rice/8.jpg,rice
database/cropped/rice/19.jpg,rice
database/cropped/rice/18.jpg,rice
database/cropped/beef/0.jpg,beef
database/cropped/beef/5.jpg,beef
database/cropped/beef/13.jpg,beef
database/cropped/beef/10.jpg,beef
database/cropped/beef/9.jpg,beef
database/cropped/beef/17.jpg,beef
database/cropped/beef/20.jpg,beef
database/cropped/beef/3.jpg,beef
database/cropped/beef/2.jpg,beef
database/cropped/beef/4.jpg,beef
database/cropped/beef/6.jpg,beef
database/cropped/beef/15.jpg,beef
database/cropped/beef/1.jpg,beef
database/cropped/beef/7.jpg,beef
database/cropped/beef/14.jpg,beef
database/cropped/beef/16.jpg,beef
database/cropped/beef/11.jpg,beef
database/cropped/beef/12.jpg,beef
database/cropped/beef/8.jpg,beef
database/cropped/beef/19.jpg,beef
database/cropped/beef/18.jpg,beef
database/cropped/tuna/0.jpg,tuna
database/cropped/tuna/5.jpg,tuna
database/cropped/tuna/13.jpg,tuna
database/cropped/tuna/10.jpg,tuna
database/cropped/tuna/9.jpg,tuna
database/cropped/tuna/17.jpg,tuna
database/cropped/tuna/20.jpg,tuna
database/cropped/tuna/3.jpg,tuna
database/cropped/tuna/2.jpg,tuna
database/cropped/tuna/4.jpg,tuna
database/cropped/tuna/6.jpg,tuna
database/cropped/tuna/15.jpg,tuna
database/cropped/tuna/1.jpg,tuna
database/cropped/tuna/7.jpg,tuna
database/cropped/tuna/14.jpg,tuna
database/cropped/tuna/16.jpg,tuna
database/cropped/tuna/11.jpg,tuna
database/cropped/tuna/12.jpg,tuna
database/cropped/tuna/8.jpg,tuna
database/cropped/tuna/19.jpg,tuna
database/cropped/tuna/18.jpg,tuna
database/cropped/bacon/0.jpg,bacon
database/cropped/bacon/5.jpg,bacon
database/cropped/bacon/13.jpg,bacon
database/cropped/bacon/10.jpg,bacon
database/cropped/bacon/9.jpg,bacon
database/cropped/bacon/17.jpg,bacon
database/cropped/bacon/20.jpg,bacon
database/cropped/bacon/3.jpg,bacon
database/cropped/bacon/2.jpg,bacon
database/cropped/bacon/4.jpg,bacon
database/cropped/bacon/6.jpg,bacon
database/cropped/bacon/15.jpg,bacon
database/cropped/bacon/1.jpg,bacon
database/cropped/bacon/7.jpg,bacon
database/cropped/bacon/14.jpg,bacon
database/cropped/bacon/16.jpg,bacon
database/cropped/bacon/11.jpg,bacon
database/cropped/bacon/12.jpg,bacon
database/cropped/bacon/8.jpg,bacon
database/cropped/bacon/19.jpg,bacon
database/cropped/bacon/18.jpg,bacon
database/cropped/apples/24.jpg,apples
database/cropped/apples/0.jpg,apples
database/cropped/apples/13.jpg,apples
database/cropped/apples/25.jpg,apples
database/cropped/apples/10.jpg,apples
database/cropped/apples/9.jpg,apples
database/cropped/apples/28.jpg,apples
database/cropped/apples/40.jpg,apples
database/cropped/apples/17.jpg,apples
database/cropped/apples/38.jpg,apples
database/cropped/apples/52.jpg,apples
database/cropped/apples/23.jpg,apples
database/cropped/apples/42.jpg,apples
database/cropped/apples/26.jpg,apples
database/cropped/apples/20.jpg,apples
database/cropped/apples/3.jpg,apples
database/cropped/apples/2.jpg,apples
database/cropped/apples/46.jpg,apples
database/cropped/apples/22.jpg,apples
database/cropped/apples/4.jpg,apples
database/cropped/apples/15.jpg,apples
database/cropped/apples/1.jpg,apples
database/cropped/apples/7.jpg,apples
database/cropped/apples/47.jpg,apples
database/cropped/apples/14.jpg,apples
database/cropped/apples/16.jpg,apples
database/cropped/apples/34.jpg,apples
database/cropped/apples/11.jpg,apples
database/cropped/apples/12.jpg,apples
database/cropped/apples/8.jpg,apples
database/cropped/apples/19.jpg,apples
database/cropped/apples/35.jpg,apples
database/cropped/apples/54.jpg,apples
database/cropped/apples/50.jpg,apples
database/cropped/apples/32.jpg,apples
database/cropped/celery/0.jpg,celery
database/cropped/celery/5.jpg,celery
database/cropped/celery/13.jpg,celery
database/cropped/celery/10.jpg,celery
database/cropped/celery/9.jpg,celery
database/cropped/celery/17.jpg,celery
database/cropped/celery/20.jpg,celery
database/cropped/celery/3.jpg,celery
database/cropped/celery/2.jpg,celery
database/cropped/celery/4.jpg,celery
database/cropped/celery/6.jpg,celery
database/cropped/celery/15.jpg,celery
database/cropped/celery/1.jpg,celery
database/cropped/celery/7.jpg,celery
database/cropped/celery/14.jpg,celery
database/cropped/celery/16.jpg,celery
database/cropped/celery/11.jpg,celery
database/cropped/celery/12.jpg,celery
database/cropped/celery/8.jpg,celery
database/cropped/celery/19.jpg,celery
database/cropped/celery/18.jpg,celery
database/cropped/avocado/0.jpg,avocado
database/cropped/avocado/5.jpg,avocado
database/cropped/avocado/13.jpg,avocado
database/cropped/avocado/10.jpg,avocado
database/cropped/avocado/9.jpg,avocado
database/cropped/avocado/17.jpg,avocado
database/cropped/avocado/20.jpg,avocado
database/cropped/avocado/3.jpg,avocado
database/cropped/avocado/2.jpg,avocado
database/cropped/avocado/4.jpg,avocado
database/cropped/avocado/6.jpg,avocado
database/cropped/avocado/15.jpg,avocado
database/cropped/avocado/1.jpg,avocado
database/cropped/avocado/7.jpg,avocado
database/cropped/avocado/14.jpg,avocado
database/cropped/avocado/16.jpg,avocado
database/cropped/avocado/11.jpg,avocado
database/cropped/avocado/12.jpg,avocado
database/cropped/avocado/8.jpg,avocado
database/cropped/avocado/19.jpg,avocado
database/cropped/avocado/18.jpg,avocado
database/cropped/basil/0.jpg,basil
database/cropped/basil/5.jpg,basil
database/cropped/basil/13.jpg,basil
database/cropped/basil/10.jpg,basil
database/cropped/basil/9.jpg,basil
database/cropped/basil/17.jpg,basil
database/cropped/basil/20.jpg,basil
database/cropped/basil/3.jpg,basil
database/cropped/basil/2.jpg,basil
database/cropped/basil/4.jpg,basil
database/cropped/basil/6.jpg,basil
database/cropped/basil/15.jpg,basil
database/cropped/basil/1.jpg,basil
database/cropped/basil/7.jpg,basil
database/cropped/basil/14.jpg,basil
database/cropped/basil/16.jpg,basil
database/cropped/basil/11.jpg,basil
database/cropped/basil/12.jpg,basil
database/cropped/basil/8.jpg,basil
database/cropped/basil/19.jpg,basil
database/cropped/basil/18.jpg,basil
database/cropped/chicken_leg/24.jpg,chicken_leg
database/cropped/chicken_leg/0.jpg,chicken_leg
database/cropped/chicken_leg/5.jpg,chicken_leg
database/cropped/chicken_leg/13.jpg,chicken_leg
database/cropped/chicken_leg/25.jpg,chicken_leg
database/cropped/chicken_leg/10.jpg,chicken_leg
database/cropped/chicken_leg/9.jpg,chicken_leg
database/cropped/chicken_leg/17.jpg,chicken_leg
database/cropped/chicken_leg/23.jpg,chicken_leg
database/cropped/chicken_leg/20.jpg,chicken_leg
database/cropped/chicken_leg/3.jpg,chicken_leg
database/cropped/chicken_leg/2.jpg,chicken_leg
database/cropped/chicken_leg/22.jpg,chicken_leg
database/cropped/chicken_leg/4.jpg,chicken_leg
database/cropped/chicken_leg/6.jpg,chicken_leg
database/cropped/chicken_leg/15.jpg,chicken_leg
database/cropped/chicken_leg/1.jpg,chicken_leg
database/cropped/chicken_leg/7.jpg,chicken_leg
database/cropped/chicken_leg/21.jpg,chicken_leg
database/cropped/chicken_leg/14.jpg,chicken_leg
database/cropped/chicken_leg/16.jpg,chicken_leg
database/cropped/chicken_leg/11.jpg,chicken_leg
database/cropped/chicken_leg/12.jpg,chicken_leg
database/cropped/chicken_leg/8.jpg,chicken_leg
database/cropped/chicken_leg/19.jpg,chicken_leg
database/cropped/chicken_leg/18.jpg,chicken_leg
database/cropped/chicken_wing/24.jpg,chicken_wing
database/cropped/chicken_wing/0.jpg,chicken_wing
database/cropped/chicken_wing/5.jpg,chicken_wing
database/cropped/chicken_wing/13.jpg,chicken_wing
database/cropped/chicken_wing/25.jpg,chicken_wing
database/cropped/chicken_wing/10.jpg,chicken_wing
database/cropped/chicken_wing/9.jpg,chicken_wing
database/cropped/chicken_wing/17.jpg,chicken_wing
database/cropped/chicken_wing/23.jpg,chicken_wing
database/cropped/chicken_wing/20.jpg,chicken_wing
database/cropped/chicken_wing/3.jpg,chicken_wing
database/cropped/chicken_wing/2.jpg,chicken_wing
database/cropped/chicken_wing/22.jpg,chicken_wing
database/cropped/chicken_wing/4.jpg,chicken_wing
database/cropped/chicken_wing/6.jpg,chicken_wing
database/cropped/chicken_wing/15.jpg,chicken_wing
database/cropped/chicken_wing/1.jpg,chicken_wing
database/cropped/chicken_wing/7.jpg,chicken_wing
database/cropped/chicken_wing/21.jpg,chicken_wing
database/cropped/chicken_wing/14.jpg,chicken_wing
database/cropped/chicken_wing/16.jpg,chicken_wing
database/cropped/chicken_wing/11.jpg,chicken_wing
database/cropped/chicken_wing/12.jpg,chicken_wing
database/cropped/chicken_wing/8.jpg,chicken_wing
database/cropped/chicken_wing/19.jpg,chicken_wing
database/cropped/chicken_wing/18.jpg,chicken_wing
database/cropped/brown_onion/0.jpg,brown_onion
database/cropped/brown_onion/5.jpg,brown_onion
database/cropped/brown_onion/13.jpg,brown_onion
database/cropped/brown_onion/10.jpg,brown_onion
database/cropped/brown_onion/9.jpg,brown_onion
database/cropped/brown_onion/17.jpg,brown_onion
database/cropped/brown_onion/20.jpg,brown_onion
database/cropped/brown_onion/3.jpg,brown_onion
database/cropped/brown_onion/2.jpg,brown_onion
database/cropped/brown_onion/4.jpg,brown_onion
database/cropped/brown_onion/6.jpg,brown_onion
database/cropped/brown_onion/15.jpg,brown_onion
database/cropped/brown_onion/1.jpg,brown_onion
database/cropped/brown_onion/7.jpg,brown_onion
database/cropped/brown_onion/14.jpg,brown_onion
database/cropped/brown_onion/16.jpg,brown_onion
database/cropped/brown_onion/11.jpg,brown_onion
database/cropped/brown_onion/12.jpg,brown_onion
database/cropped/brown_onion/8.jpg,brown_onion
database/cropped/brown_onion/19.jpg,brown_onion
database/cropped/brown_onion/18.jpg,brown_onion
database/cropped/chicken_breast/0.jpg,chicken_breast
database/cropped/chicken_breast/5.jpg,chicken_breast
database/cropped/chicken_breast/13.jpg,chicken_breast
database/cropped/chicken_breast/10.jpg,chicken_breast
database/cropped/chicken_breast/9.jpg,chicken_breast
database/cropped/chicken_breast/17.jpg,chicken_breast
database/cropped/chicken_breast/20.jpg,chicken_breast
database/cropped/chicken_breast/3.jpg,chicken_breast
database/cropped/chicken_breast/2.jpg,chicken_breast
database/cropped/chicken_breast/4.jpg,chicken_breast
database/cropped/chicken_breast/6.jpg,chicken_breast
database/cropped/chicken_breast/15.jpg,chicken_breast
database/cropped/chicken_breast/1.jpg,chicken_breast
database/cropped/chicken_breast/7.jpg,chicken_breast
database/cropped/chicken_breast/14.jpg,chicken_breast
database/cropped/chicken_breast/16.jpg,chicken_breast
database/cropped/chicken_breast/11.jpg,chicken_breast
database/cropped/chicken_breast/12.jpg,chicken_breast
database/cropped/chicken_breast/8.jpg,chicken_breast
database/cropped/chicken_breast/19.jpg,chicken_breast
database/cropped/chicken_breast/18.jpg,chicken_breast
database/cropped/cilantro/24.jpg,cilantro
database/cropped/cilantro/0.jpg,cilantro
database/cropped/cilantro/5.jpg,cilantro
database/cropped/cilantro/13.jpg,cilantro
database/cropped/cilantro/25.jpg,cilantro
database/cropped/cilantro/10.jpg,cilantro
database/cropped/cilantro/9.jpg,cilantro
database/cropped/cilantro/17.jpg,cilantro
database/cropped/cilantro/23.jpg,cilantro
database/cropped/cilantro/20.jpg,cilantro
database/cropped/cilantro/3.jpg,cilantro
database/cropped/cilantro/2.jpg,cilantro
database/cropped/cilantro/22.jpg,cilantro
database/cropped/cilantro/4.jpg,cilantro
database/cropped/cilantro/6.jpg,cilantro
database/cropped/cilantro/15.jpg,cilantro
database/cropped/cilantro/1.jpg,cilantro
database/cropped/cilantro/7.jpg,cilantro
database/cropped/cilantro/21.jpg,cilantro
database/cropped/cilantro/14.jpg,cilantro
database/cropped/cilantro/16.jpg,cilantro
database/cropped/cilantro/11.jpg,cilantro
database/cropped/cilantro/12.jpg,cilantro
database/cropped/cilantro/8.jpg,cilantro
database/cropped/cilantro/19.jpg,cilantro
database/cropped/cilantro/18.jpg,cilantro
database/cropped/asparagus/0.jpg,asparagus
database/cropped/asparagus/5.jpg,asparagus
database/cropped/asparagus/13.jpg,asparagus
database/cropped/asparagus/10.jpg,asparagus
database/cropped/asparagus/9.jpg,asparagus
database/cropped/asparagus/17.jpg,asparagus
database/cropped/asparagus/20.jpg,asparagus
database/cropped/asparagus/3.jpg,asparagus
database/cropped/asparagus/2.jpg,asparagus
database/cropped/asparagus/4.jpg,asparagus
database/cropped/asparagus/6.jpg,asparagus
database/cropped/asparagus/15.jpg,asparagus
database/cropped/asparagus/1.jpg,asparagus
database/cropped/asparagus/7.jpg,asparagus
database/cropped/asparagus/14.jpg,asparagus
database/cropped/asparagus/16.jpg,asparagus
database/cropped/asparagus/11.jpg,asparagus
database/cropped/asparagus/12.jpg,asparagus
database/cropped/asparagus/8.jpg,asparagus
database/cropped/asparagus/19.jpg,asparagus
database/cropped/asparagus/18.jpg,asparagus
database/cropped/lettuce/0.jpg,lettuce
database/cropped/lettuce/5.jpg,lettuce
database/cropped/lettuce/13.jpg,lettuce
database/cropped/lettuce/10.jpg,lettuce
database/cropped/lettuce/9.jpg,lettuce
database/cropped/lettuce/17.jpg,lettuce
database/cropped/lettuce/20.jpg,lettuce
database/cropped/lettuce/3.jpg,lettuce
database/cropped/lettuce/2.jpg,lettuce
database/cropped/lettuce/4.jpg,lettuce
database/cropped/lettuce/6.jpg,lettuce
database/cropped/lettuce/15.jpg,lettuce
database/cropped/lettuce/1.jpg,lettuce
database/cropped/lettuce/7.jpg,lettuce
database/cropped/lettuce/14.jpg,lettuce
database/cropped/lettuce/16.jpg,lettuce
database/cropped/lettuce/11.jpg,lettuce
database/cropped/lettuce/12.jpg,lettuce
database/cropped/lettuce/8.jpg,lettuce
database/cropped/lettuce/19.jpg,lettuce
database/cropped/lettuce/18.jpg,lettuce
database/cropped/mozzarella_cheese/0.jpg,mozzarella_cheese
database/cropped/mozzarella_cheese/5.jpg,mozzarella_cheese
database/cropped/mozzarella_cheese/13.jpg,mozzarella_cheese
database/cropped/mozzarella_cheese/10.jpg,mozzarella_cheese
database/cropped/mozzarella_cheese/9.jpg,mozzarella_cheese
database/cropped/mozzarella_cheese/17.jpg,mozzarella_cheese
database/cropped/mozzarella_cheese/20.jpg,mozzarella_cheese
database/cropped/mozzarella_cheese/3.jpg,mozzarella_cheese
database/cropped/mozzarella_cheese/2.jpg,mozzarella_cheese
database/cropped/mozzarella_cheese/4.jpg,mozzarella_cheese
database/cropped/mozzarella_cheese/6.jpg,mozzarella_cheese
database/cropped/mozzarella_cheese/15.jpg,mozzarella_cheese
database/cropped/mozzarella_cheese/1.jpg,mozzarella_cheese
database/cropped/mozzarella_cheese/7.jpg,mozzarella_cheese
database/cropped/mozzarella_cheese/14.jpg,mozzarella_cheese
database/cropped/mozzarella_cheese/16.jpg,mozzarella_cheese
database/cropped/mozzarella_cheese/11.jpg,mozzarella_cheese
database/cropped/mozzarella_cheese/12.jpg,mozzarella_cheese
database/cropped/mozzarella_cheese/8.jpg,mozzarella_cheese
database/cropped/mozzarella_cheese/19.jpg,mozzarella_cheese
database/cropped/mozzarella_cheese/18.jpg,mozzarella_cheese
database/cropped/ginger/0.jpg,ginger
database/cropped/ginger/5.jpg,ginger
database/cropped/ginger/13.jpg,ginger
database/cropped/ginger/10.jpg,ginger
database/cropped/ginger/9.jpg,ginger
database/cropped/ginger/17.jpg,ginger
database/cropped/ginger/20.jpg,ginger
database/cropped/ginger/3.jpg,ginger
database/cropped/ginger/2.jpg,ginger
database/cropped/ginger/4.jpg,ginger
database/cropped/ginger/6.jpg,ginger
database/cropped/ginger/15.jpg,ginger
database/cropped/ginger/1.jpg,ginger
database/cropped/ginger/7.jpg,ginger
database/cropped/ginger/14.jpg,ginger
database/cropped/ginger/16.jpg,ginger
database/cropped/ginger/11.jpg,ginger
database/cropped/ginger/12.jpg,ginger
database/cropped/ginger/8.jpg,ginger
database/cropped/ginger/19.jpg,ginger
database/cropped/ginger/18.jpg,ginger
database/cropped/spring_onion/0.jpg,spring_onion
database/cropped/spring_onion/5.jpg,spring_onion
database/cropped/spring_onion/13.jpg,spring_onion
database/cropped/spring_onion/10.jpg,spring_onion
database/cropped/spring_onion/9.jpg,spring_onion
database/cropped/spring_onion/17.jpg,spring_onion
database/cropped/spring_onion/20.jpg,spring_onion
database/cropped/spring_onion/3.jpg,spring_onion
database/cropped/spring_onion/2.jpg,spring_onion
database/cropped/spring_onion/4.jpg,spring_onion
database/cropped/spring_onion/6.jpg,spring_onion
database/cropped/spring_onion/15.jpg,spring_onion
database/cropped/spring_onion/1.jpg,spring_onion
database/cropped/spring_onion/7.jpg,spring_onion
database/cropped/spring_onion/14.jpg,spring_onion
database/cropped/spring_onion/16.jpg,spring_onion
database/cropped/spring_onion/11.jpg,spring_onion
database/cropped/spring_onion/12.jpg,spring_onion
database/cropped/spring_onion/8.jpg,spring_onion
database/cropped/spring_onion/19.jpg,spring_onion
database/cropped/spring_onion/18.jpg,spring_onion
database/cropped/cabbage/0.jpg,cabbage
database/cropped/cabbage/5.jpg,cabbage
database/cropped/cabbage/13.jpg,cabbage
database/cropped/cabbage/10.jpg,cabbage
database/cropped/cabbage/9.jpg,cabbage
database/cropped/cabbage/17.jpg,cabbage
database/cropped/cabbage/20.jpg,cabbage
database/cropped/cabbage/3.jpg,cabbage
database/cropped/cabbage/2.jpg,cabbage
database/cropped/cabbage/4.jpg,cabbage
database/cropped/cabbage/6.jpg,cabbage
database/cropped/cabbage/15.jpg,cabbage
database/cropped/cabbage/1.jpg,cabbage
database/cropped/cabbage/7.jpg,cabbage
database/cropped/cabbage/14.jpg,cabbage
database/cropped/cabbage/16.jpg,cabbage
database/cropped/cabbage/11.jpg,cabbage
database/cropped/cabbage/12.jpg,cabbage
database/cropped/cabbage/8.jpg,cabbage
database/cropped/cabbage/19.jpg,cabbage
database/cropped/cabbage/18.jpg,cabbage
database/cropped/potato/24.jpg,potato
database/cropped/potato/0.jpg,potato
database/cropped/potato/5.jpg,potato
database/cropped/potato/13.jpg,potato
database/cropped/potato/25.jpg,potato
database/cropped/potato/10.jpg,potato
database/cropped/potato/9.jpg,potato
database/cropped/potato/27.jpg,potato
database/cropped/potato/17.jpg,potato
database/cropped/potato/23.jpg,potato
database/cropped/potato/26.jpg,potato
database/cropped/potato/20.jpg,potato
database/cropped/potato/3.jpg,potato
database/cropped/potato/2.jpg,potato
database/cropped/potato/22.jpg,potato
database/cropped/potato/4.jpg,potato
database/cropped/potato/6.jpg,potato
database/cropped/potato/15.jpg,potato
database/cropped/potato/1.jpg,potato
database/cropped/potato/7.jpg,potato
database/cropped/potato/21.jpg,potato
database/cropped/potato/14.jpg,potato
database/cropped/potato/16.jpg,potato
database/cropped/potato/11.jpg,potato
database/cropped/potato/12.jpg,potato
database/cropped/potato/8.jpg,potato
database/cropped/potato/19.jpg,potato
database/cropped/potato/18.jpg,potato
database/cropped/spinach/0.jpg,spinach
database/cropped/spinach/5.jpg,spinach
database/cropped/spinach/13.jpg,spinach
database/cropped/spinach/10.jpg,spinach
database/cropped/spinach/9.jpg,spinach
database/cropped/spinach/17.jpg,spinach
database/cropped/spinach/20.jpg,spinach
database/cropped/spinach/3.jpg,spinach
database/cropped/spinach/2.jpg,spinach
database/cropped/spinach/4.jpg,spinach
database/cropped/spinach/6.jpg,spinach
database/cropped/spinach/15.jpg,spinach
database/cropped/spinach/1.jpg,spinach
database/cropped/spinach/7.jpg,spinach
database/cropped/spinach/14.jpg,spinach
database/cropped/spinach/16.jpg,spinach
database/cropped/spinach/11.jpg,spinach
database/cropped/spinach/12.jpg,spinach
database/cropped/spinach/8.jpg,spinach
database/cropped/spinach/19.jpg,spinach
database/cropped/spinach/18.jpg,spinach
database/cropped/tomato/0.jpg,tomato
database/cropped/tomato/5.jpg,tomato
database/cropped/tomato/13.jpg,tomato
database/cropped/tomato/10.jpg,tomato
database/cropped/tomato/9.jpg,tomato
database/cropped/tomato/17.jpg,tomato
database/cropped/tomato/20.jpg,tomato
database/cropped/tomato/3.jpg,tomato
database/cropped/tomato/2.jpg,tomato
database/cropped/tomato/4.jpg,tomato
database/cropped/tomato/6.jpg,tomato
database/cropped/tomato/15.jpg,tomato
database/cropped/tomato/1.jpg,tomato
database/cropped/tomato/7.jpg,tomato
database/cropped/tomato/14.jpg,tomato
database/cropped/tomato/16.jpg,tomato
database/cropped/tomato/11.jpg,tomato
database/cropped/tomato/12.jpg,tomato
database/cropped/tomato/8.jpg,tomato
database/cropped/tomato/19.jpg,tomato
database/cropped/tomato/18.jpg,tomato
database/cropped/lemons/24.jpg,lemons
database/cropped/lemons/0.jpg,lemons
database/cropped/lemons/5.jpg,lemons
database/cropped/lemons/25.jpg,lemons
database/cropped/lemons/10.jpg,lemons
database/cropped/lemons/9.jpg,lemons
database/cropped/lemons/17.jpg,lemons
database/cropped/lemons/38.jpg,lemons
database/cropped/lemons/23.jpg,lemons
database/cropped/lemons/42.jpg,lemons
database/cropped/lemons/26.jpg,lemons
database/cropped/lemons/20.jpg,lemons
database/cropped/lemons/2.jpg,lemons
database/cropped/lemons/6.jpg,lemons
database/cropped/lemons/15.jpg,lemons
database/cropped/lemons/1.jpg,lemons
database/cropped/lemons/37.jpg,lemons
database/cropped/lemons/47.jpg,lemons
database/cropped/lemons/29.jpg,lemons
database/cropped/lemons/34.jpg,lemons
database/cropped/lemons/11.jpg,lemons
database/cropped/lemons/31.jpg,lemons
database/cropped/lemons/41.jpg,lemons
database/cropped/lemons/19.jpg,lemons
database/cropped/lemons/44.jpg,lemons
database/cropped/lemons/33.jpg,lemons
database/cropped/lemons/18.jpg,lemons
database/cropped/lemons/39.jpg,lemons
database/cropped/chickpeas/0.jpg,chickpeas
database/cropped/chickpeas/5.jpg,chickpeas
database/cropped/chickpeas/13.jpg,chickpeas
database/cropped/chickpeas/10.jpg,chickpeas
database/cropped/chickpeas/9.jpg,chickpeas
database/cropped/chickpeas/17.jpg,chickpeas
database/cropped/chickpeas/20.jpg,chickpeas
database/cropped/chickpeas/3.jpg,chickpeas
database/cropped/chickpeas/2.jpg,chickpeas
database/cropped/chickpeas/4.jpg,chickpeas
database/cropped/chickpeas/6.jpg,chickpeas
database/cropped/chickpeas/15.jpg,chickpeas
database/cropped/chickpeas/1.jpg,chickpeas
database/cropped/chickpeas/7.jpg,chickpeas
database/cropped/chickpeas/14.jpg,chickpeas
database/cropped/chickpeas/16.jpg,chickpeas
database/cropped/chickpeas/11.jpg,chickpeas
database/cropped/chickpeas/12.jpg,chickpeas
database/cropped/chickpeas/8.jpg,chickpeas
database/cropped/chickpeas/19.jpg,chickpeas
database/cropped/chickpeas/18.jpg,chickpeas
database/cropped/nutmeg/0.jpg,nutmeg
database/cropped/nutmeg/5.jpg,nutmeg
database/cropped/nutmeg/13.jpg,nutmeg
database/cropped/nutmeg/10.jpg,nutmeg
database/cropped/nutmeg/9.jpg,nutmeg
database/cropped/nutmeg/17.jpg,nutmeg
database/cropped/nutmeg/20.jpg,nutmeg
database/cropped/nutmeg/3.jpg,nutmeg
database/cropped/nutmeg/2.jpg,nutmeg
database/cropped/nutmeg/4.jpg,nutmeg
database/cropped/nutmeg/6.jpg,nutmeg
database/cropped/nutmeg/15.jpg,nutmeg
database/cropped/nutmeg/1.jpg,nutmeg
database/cropped/nutmeg/7.jpg,nutmeg
database/cropped/nutmeg/14.jpg,nutmeg
database/cropped/nutmeg/16.jpg,nutmeg
database/cropped/nutmeg/11.jpg,nutmeg
database/cropped/nutmeg/12.jpg,nutmeg
database/cropped/nutmeg/8.jpg,nutmeg
database/cropped/nutmeg/19.jpg,nutmeg
database/cropped/nutmeg/18.jpg,nutmeg
database/cropped/cinnamon/0.jpg,cinnamon
database/cropped/cinnamon/5.jpg,cinnamon
database/cropped/cinnamon/13.jpg,cinnamon
database/cropped/cinnamon/10.jpg,cinnamon
database/cropped/cinnamon/9.jpg,cinnamon
database/cropped/cinnamon/17.jpg,cinnamon
database/cropped/cinnamon/20.jpg,cinnamon
database/cropped/cinnamon/3.jpg,cinnamon
database/cropped/cinnamon/2.jpg,cinnamon
database/cropped/cinnamon/4.jpg,cinnamon
database/cropped/cinnamon/6.jpg,cinnamon
database/cropped/cinnamon/15.jpg,cinnamon
database/cropped/cinnamon/1.jpg,cinnamon
database/cropped/cinnamon/7.jpg,cinnamon
database/cropped/cinnamon/14.jpg,cinnamon
database/cropped/cinnamon/16.jpg,cinnamon
database/cropped/cinnamon/11.jpg,cinnamon
database/cropped/cinnamon/12.jpg,cinnamon
database/cropped/cinnamon/8.jpg,cinnamon
database/cropped/cinnamon/19.jpg,cinnamon
database/cropped/cinnamon/18.jpg,cinnamon
database/cropped/eggs/24.jpg,eggs
database/cropped/eggs/0.jpg,eggs
database/cropped/eggs/5.jpg,eggs
database/cropped/eggs/13.jpg,eggs
database/cropped/eggs/25.jpg,eggs
database/cropped/eggs/10.jpg,eggs
database/cropped/eggs/9.jpg,eggs
database/cropped/eggs/17.jpg,eggs
database/cropped/eggs/23.jpg,eggs
database/cropped/eggs/20.jpg,eggs
database/cropped/eggs/3.jpg,eggs
database/cropped/eggs/2.jpg,eggs
database/cropped/eggs/22.jpg,eggs
database/cropped/eggs/4.jpg,eggs
database/cropped/eggs/6.jpg,eggs
database/cropped/eggs/15.jpg,eggs
database/cropped/eggs/1.jpg,eggs
database/cropped/eggs/7.jpg,eggs
database/cropped/eggs/21.jpg,eggs
database/cropped/eggs/14.jpg,eggs
database/cropped/eggs/16.jpg,eggs
database/cropped/eggs/11.jpg,eggs
database/cropped/eggs/12.jpg,eggs
database/cropped/eggs/8.jpg,eggs
database/cropped/eggs/19.jpg,eggs
database/cropped/eggs/18.jpg,eggs
database/cropped/rosemary/0.jpg,rosemary
database/cropped/rosemary/5.jpg,rosemary
database/cropped/rosemary/13.jpg,rosemary
database/cropped/rosemary/10.jpg,rosemary
database/cropped/rosemary/9.jpg,rosemary
database/cropped/rosemary/17.jpg,rosemary
database/cropped/rosemary/20.jpg,rosemary
database/cropped/rosemary/3.jpg,rosemary
database/cropped/rosemary/2.jpg,rosemary
database/cropped/rosemary/4.jpg,rosemary
database/cropped/rosemary/6.jpg,rosemary
database/cropped/rosemary/15.jpg,rosemary
database/cropped/rosemary/1.jpg,rosemary
database/cropped/rosemary/7.jpg,rosemary
database/cropped/rosemary/14.jpg,rosemary
database/cropped/rosemary/16.jpg,rosemary
database/cropped/rosemary/11.jpg,rosemary
database/cropped/rosemary/12.jpg,rosemary
database/cropped/rosemary/8.jpg,rosemary
database/cropped/rosemary/19.jpg,rosemary
database/cropped/rosemary/18.jpg,rosemary
database/cropped/pork/24.jpg,pork
database/cropped/pork/0.jpg,pork
database/cropped/pork/5.jpg,pork
database/cropped/pork/13.jpg,pork
database/cropped/pork/25.jpg,pork
database/cropped/pork/10.jpg,pork
database/cropped/pork/9.jpg,pork
database/cropped/pork/27.jpg,pork
database/cropped/pork/28.jpg,pork
database/cropped/pork/17.jpg,pork
database/cropped/pork/23.jpg,pork
database/cropped/pork/26.jpg,pork
database/cropped/pork/20.jpg,pork
database/cropped/pork/3.jpg,pork
database/cropped/pork/2.jpg,pork
database/cropped/pork/22.jpg,pork
database/cropped/pork/4.jpg,pork
database/cropped/pork/6.jpg,pork
database/cropped/pork/15.jpg,pork
database/cropped/pork/1.jpg,pork
database/cropped/pork/7.jpg,pork
database/cropped/pork/21.jpg,pork
database/cropped/pork/14.jpg,pork
database/cropped/pork/16.jpg,pork
database/cropped/pork/11.jpg,pork
database/cropped/pork/12.jpg,pork
database/cropped/pork/8.jpg,pork
database/cropped/pork/19.jpg,pork
database/cropped/pork/18.jpg,pork
database/cropped/mushroom/0.jpg,mushroom
database/cropped/mushroom/5.jpg,mushroom
database/cropped/mushroom/13.jpg,mushroom
database/cropped/mushroom/10.jpg,mushroom
database/cropped/mushroom/9.jpg,mushroom
database/cropped/mushroom/17.jpg,mushroom
database/cropped/mushroom/20.jpg,mushroom
database/cropped/mushroom/3.jpg,mushroom
database/cropped/mushroom/2.jpg,mushroom
database/cropped/mushroom/4.jpg,mushroom
database/cropped/mushroom/6.jpg,mushroom
database/cropped/mushroom/15.jpg,mushroom
database/cropped/mushroom/1.jpg,mushroom
database/cropped/mushroom/7.jpg,mushroom
database/cropped/mushroom/14.jpg,mushroom
database/cropped/mushroom/16.jpg,mushroom
database/cropped/mushroom/11.jpg,mushroom
database/cropped/mushroom/12.jpg,mushroom
database/cropped/mushroom/8.jpg,mushroom
database/cropped/mushroom/19.jpg,mushroom
database/cropped/mushroom/18.jpg,mushroom
database/cropped/pasta/24.jpg,pasta
database/cropped/pasta/0.jpg,pasta
database/cropped/pasta/5.jpg,pasta
database/cropped/pasta/13.jpg,pasta
database/cropped/pasta/25.jpg,pasta
database/cropped/pasta/10.jpg,pasta
database/cropped/pasta/9.jpg,pasta
database/cropped/pasta/17.jpg,pasta
database/cropped/pasta/23.jpg,pasta
database/cropped/pasta/20.jpg,pasta
database/cropped/pasta/3.jpg,pasta
database/cropped/pasta/2.jpg,pasta
database/cropped/pasta/22.jpg,pasta
database/cropped/pasta/4.jpg,pasta
database/cropped/pasta/6.jpg,pasta
database/cropped/pasta/15.jpg,pasta
database/cropped/pasta/1.jpg,pasta
database/cropped/pasta/7.jpg,pasta
database/cropped/pasta/21.jpg,pasta
database/cropped/pasta/14.jpg,pasta
database/cropped/pasta/16.jpg,pasta
database/cropped/pasta/11.jpg,pasta
database/cropped/pasta/12.jpg,pasta
database/cropped/pasta/8.jpg,pasta
database/cropped/pasta/19.jpg,pasta
database/cropped/pasta/18.jpg,pasta
database/cropped/limes/24.jpg,limes
database/cropped/limes/0.jpg,limes
database/cropped/limes/5.jpg,limes
database/cropped/limes/36.jpg,limes
database/cropped/limes/13.jpg,limes
database/cropped/limes/57.jpg,limes
database/cropped/limes/25.jpg,limes
database/cropped/limes/27.jpg,limes
database/cropped/limes/38.jpg,limes
database/cropped/limes/52.jpg,limes
database/cropped/limes/23.jpg,limes
database/cropped/limes/26.jpg,limes
database/cropped/limes/20.jpg,limes
database/cropped/limes/3.jpg,limes
database/cropped/limes/2.jpg,limes
database/cropped/limes/22.jpg,limes
database/cropped/limes/4.jpg,limes
database/cropped/limes/6.jpg,limes
database/cropped/limes/15.jpg,limes
database/cropped/limes/1.jpg,limes
database/cropped/limes/7.jpg,limes
database/cropped/limes/16.jpg,limes
database/cropped/limes/34.jpg,limes
database/cropped/limes/12.jpg,limes
database/cropped/limes/8.jpg,limes
database/cropped/limes/19.jpg,limes
database/cropped/limes/56.jpg,limes
database/cropped/limes/35.jpg,limes
database/cropped/limes/33.jpg,limes
database/cropped/chili_pepper/0.jpg,chili_pepper
database/cropped/chili_pepper/5.jpg,chili_pepper
database/cropped/chili_pepper/13.jpg,chili_pepper
database/cropped/chili_pepper/10.jpg,chili_pepper
database/cropped/chili_pepper/9.jpg,chili_pepper
database/cropped/chili_pepper/17.jpg,chili_pepper
database/cropped/chili_pepper/20.jpg,chili_pepper
database/cropped/chili_pepper/3.jpg,chili_pepper
database/cropped/chili_pepper/2.jpg,chili_pepper
database/cropped/chili_pepper/4.jpg,chili_pepper
database/cropped/chili_pepper/6.jpg,chili_pepper
database/cropped/chili_pepper/15.jpg,chili_pepper
database/cropped/chili_pepper/1.jpg,chili_pepper
database/cropped/chili_pepper/7.jpg,chili_pepper
database/cropped/chili_pepper/14.jpg,chili_pepper
database/cropped/chili_pepper/16.jpg,chili_pepper
database/cropped/chili_pepper/11.jpg,chili_pepper
database/cropped/chili_pepper/12.jpg,chili_pepper
database/cropped/chili_pepper/8.jpg,chili_pepper
database/cropped/chili_pepper/19.jpg,chili_pepper
database/cropped/chili_pepper/18.jpg,chili_pepper
database/cropped/carrot/0.jpg,carrot
database/cropped/carrot/5.jpg,carrot
database/cropped/carrot/13.jpg,carrot
database/cropped/carrot/10.jpg,carrot
database/cropped/carrot/9.jpg,carrot
database/cropped/carrot/17.jpg,carrot
database/cropped/carrot/20.jpg,carrot
database/cropped/carrot/3.jpg,carrot
database/cropped/carrot/2.jpg,carrot
database/cropped/carrot/4.jpg,carrot
database/cropped/carrot/6.jpg,carrot
database/cropped/carrot/15.jpg,carrot
database/cropped/carrot/1.jpg,carrot
database/cropped/carrot/7.jpg,carrot
database/cropped/carrot/14.jpg,carrot
database/cropped/carrot/16.jpg,carrot
database/cropped/carrot/11.jpg,carrot
database/cropped/carrot/12.jpg,carrot
database/cropped/carrot/8.jpg,carrot
database/cropped/carrot/19.jpg,carrot
database/cropped/carrot/18.jpg,carrot
database/cropped/broccoli/0.jpg,broccoli
database/cropped/broccoli/5.jpg,broccoli
database/cropped/broccoli/13.jpg,broccoli
database/cropped/broccoli/10.jpg,broccoli
database/cropped/broccoli/9.jpg,broccoli
database/cropped/broccoli/17.jpg,broccoli
database/cropped/broccoli/20.jpg,broccoli
database/cropped/broccoli/3.jpg,broccoli
database/cropped/broccoli/2.jpg,broccoli
database/cropped/broccoli/4.jpg,broccoli
database/cropped/broccoli/6.jpg,broccoli
database/cropped/broccoli/15.jpg,broccoli
database/cropped/broccoli/1.jpg,broccoli
database/cropped/broccoli/7.jpg,broccoli
database/cropped/broccoli/21.jpg,broccoli
database/cropped/broccoli/14.jpg,broccoli
database/cropped/broccoli/16.jpg,broccoli
database/cropped/broccoli/11.jpg,broccoli
database/cropped/broccoli/12.jpg,broccoli
database/cropped/broccoli/8.jpg,broccoli
database/cropped/broccoli/19.jpg,broccoli
database/cropped/broccoli/18.jpg,broccoli
database/cropped/red_onion/0.jpg,red_onion
database/cropped/red_onion/5.jpg,red_onion
database/cropped/red_onion/13.jpg,red_onion
database/cropped/red_onion/10.jpg,red_onion
database/cropped/red_onion/9.jpg,red_onion
database/cropped/red_onion/17.jpg,red_onion
database/cropped/red_onion/20.jpg,red_onion
database/cropped/red_onion/3.jpg,red_onion
database/cropped/red_onion/2.jpg,red_onion
database/cropped/red_onion/4.jpg,red_onion
database/cropped/red_onion/6.jpg,red_onion
database/cropped/red_onion/15.jpg,red_onion
database/cropped/red_onion/1.jpg,red_onion
database/cropped/red_onion/7.jpg,red_onion
database/cropped/red_onion/14.jpg,red_onion
database/cropped/red_onion/16.jpg,red_onion
database/cropped/red_onion/11.jpg,red_onion
database/cropped/red_onion/12.jpg,red_onion
database/cropped/red_onion/8.jpg,red_onion
database/cropped/red_onion/19.jpg,red_onion
database/cropped/red_onion/18.jpg,red_onion
database/cropped/tilapia/0.jpg,tilapia
database/cropped/tilapia/5.jpg,tilapia
database/cropped/tilapia/13.jpg,tilapia
database/cropped/tilapia/10.jpg,tilapia
database/cropped/tilapia/9.jpg,tilapia
database/cropped/tilapia/17.jpg,tilapia
database/cropped/tilapia/20.jpg,tilapia
database/cropped/tilapia/3.jpg,tilapia
database/cropped/tilapia/2.jpg,tilapia
database/cropped/tilapia/4.jpg,tilapia
database/cropped/tilapia/6.jpg,tilapia
database/cropped/tilapia/15.jpg,tilapia
database/cropped/tilapia/1.jpg,tilapia
database/cropped/tilapia/7.jpg,tilapia
database/cropped/tilapia/14.jpg,tilapia
database/cropped/tilapia/16.jpg,tilapia
database/cropped/tilapia/11.jpg,tilapia
database/cropped/tilapia/12.jpg,tilapia
database/cropped/tilapia/8.jpg,tilapia
database/cropped/tilapia/19.jpg,tilapia
database/cropped/tilapia/18.jpg,tilapia
database/cropped/parmesan_cheese/0.jpg,parmesan_cheese
database/cropped/parmesan_cheese/5.jpg,parmesan_cheese
database/cropped/parmesan_cheese/13.jpg,parmesan_cheese
database/cropped/parmesan_cheese/10.jpg,parmesan_cheese
database/cropped/parmesan_cheese/9.jpg,parmesan_cheese
database/cropped/parmesan_cheese/17.jpg,parmesan_cheese
database/cropped/parmesan_cheese/20.jpg,parmesan_cheese
database/cropped/parmesan_cheese/3.jpg,parmesan_cheese
database/cropped/parmesan_cheese/2.jpg,parmesan_cheese
database/cropped/parmesan_cheese/4.jpg,parmesan_cheese
database/cropped/parmesan_cheese/6.jpg,parmesan_cheese
database/cropped/parmesan_cheese/15.jpg,parmesan_cheese
database/cropped/parmesan_cheese/1.jpg,parmesan_cheese
database/cropped/parmesan_cheese/7.jpg,parmesan_cheese
database/cropped/parmesan_cheese/14.jpg,parmesan_cheese
database/cropped/parmesan_cheese/16.jpg,parmesan_cheese
database/cropped/parmesan_cheese/11.jpg,parmesan_cheese
database/cropped/parmesan_cheese/12.jpg,parmesan_cheese
database/cropped/parmesan_cheese/8.jpg,parmesan_cheese
database/cropped/parmesan_cheese/19.jpg,parmesan_cheese
database/cropped/parmesan_cheese/18.jpg,parmesan_cheese
database/cropped/cloves/0.jpg,cloves
database/cropped/cloves/5.jpg,cloves
database/cropped/cloves/13.jpg,cloves
database/cropped/cloves/10.jpg,cloves
database/cropped/cloves/9.jpg,cloves
database/cropped/cloves/17.jpg,cloves
database/cropped/cloves/20.jpg,cloves
database/cropped/cloves/3.jpg,cloves
database/cropped/cloves/2.jpg,cloves
database/cropped/cloves/4.jpg,cloves
database/cropped/cloves/6.jpg,cloves
database/cropped/cloves/15.jpg,cloves
database/cropped/cloves/1.jpg,cloves
database/cropped/cloves/7.jpg,cloves
database/cropped/cloves/14.jpg,cloves
database/cropped/cloves/16.jpg,cloves
database/cropped/cloves/11.jpg,cloves
database/cropped/cloves/12.jpg,cloves
database/cropped/cloves/8.jpg,cloves
database/cropped/cloves/19.jpg,cloves
database/cropped/cloves/18.jpg,cloves
database/cropped/parsley/0.jpg,parsley
database/cropped/parsley/5.jpg,parsley
database/cropped/parsley/13.jpg,parsley
database/cropped/parsley/10.jpg,parsley
database/cropped/parsley/9.jpg,parsley
database/cropped/parsley/17.jpg,parsley
database/cropped/parsley/20.jpg,parsley
database/cropped/parsley/3.jpg,parsley
database/cropped/parsley/2.jpg,parsley
database/cropped/parsley/4.jpg,parsley
database/cropped/parsley/6.jpg,parsley
database/cropped/parsley/15.jpg,parsley
database/cropped/parsley/1.jpg,parsley
database/cropped/parsley/7.jpg,parsley
database/cropped/parsley/14.jpg,parsley
database/cropped/parsley/16.jpg,parsley
database/cropped/parsley/11.jpg,parsley
database/cropped/parsley/12.jpg,parsley
database/cropped/parsley/8.jpg,parsley
database/cropped/parsley/19.jpg,parsley
database/cropped/parsley/18.jpg,parsley
database/cropped/cheddar_cheese/0.jpg,cheddar_cheese
database/cropped/cheddar_cheese/5.jpg,cheddar_cheese
database/cropped/cheddar_cheese/13.jpg,cheddar_cheese
database/cropped/cheddar_cheese/10.jpg,cheddar_cheese
database/cropped/cheddar_cheese/9.jpg,cheddar_cheese
database/cropped/cheddar_cheese/17.jpg,cheddar_cheese
database/cropped/cheddar_cheese/20.jpg,cheddar_cheese
database/cropped/cheddar_cheese/3.jpg,cheddar_cheese
database/cropped/cheddar_cheese/2.jpg,cheddar_cheese
database/cropped/cheddar_cheese/4.jpg,cheddar_cheese
database/cropped/cheddar_cheese/6.jpg,cheddar_cheese
database/cropped/cheddar_cheese/15.jpg,cheddar_cheese
database/cropped/cheddar_cheese/1.jpg,cheddar_cheese
database/cropped/cheddar_cheese/7.jpg,cheddar_cheese
database/cropped/cheddar_cheese/14.jpg,cheddar_cheese
database/cropped/cheddar_cheese/16.jpg,cheddar_cheese
database/cropped/cheddar_cheese/11.jpg,cheddar_cheese
database/cropped/cheddar_cheese/12.jpg,cheddar_cheese
database/cropped/cheddar_cheese/8.jpg,cheddar_cheese
database/cropped/cheddar_cheese/19.jpg,cheddar_cheese
database/cropped/cheddar_cheese/18.jpg,cheddar_cheese
database/cropped/strawberries/24.jpg,strawberries
database/cropped/strawberries/0.jpg,strawberries
database/cropped/strawberries/36.jpg,strawberries
database/cropped/strawberries/13.jpg,strawberries
database/cropped/strawberries/25.jpg,strawberries
database/cropped/strawberries/10.jpg,strawberries
database/cropped/strawberries/9.jpg,strawberries
database/cropped/strawberries/27.jpg,strawberries
database/cropped/strawberries/40.jpg,strawberries
database/cropped/strawberries/17.jpg,strawberries
database/cropped/strawberries/38.jpg,strawberries
database/cropped/strawberries/52.jpg,strawberries
database/cropped/strawberries/23.jpg,strawberries
database/cropped/strawberries/42.jpg,strawberries
database/cropped/strawberries/26.jpg,strawberries
database/cropped/strawberries/20.jpg,strawberries
database/cropped/strawberries/3.jpg,strawberries
database/cropped/strawberries/2.jpg,strawberries
database/cropped/strawberries/46.jpg,strawberries
database/cropped/strawberries/43.jpg,strawberries
database/cropped/strawberries/4.jpg,strawberries
database/cropped/strawberries/6.jpg,strawberries
database/cropped/strawberries/15.jpg,strawberries
database/cropped/strawberries/1.jpg,strawberries
database/cropped/strawberries/7.jpg,strawberries
database/cropped/strawberries/37.jpg,strawberries
database/cropped/strawberries/47.jpg,strawberries
database/cropped/strawberries/21.jpg,strawberries
database/cropped/strawberries/14.jpg,strawberries
database/cropped/strawberries/16.jpg,strawberries
database/cropped/strawberries/29.jpg,strawberries
database/cropped/strawberries/34.jpg,strawberries
database/cropped/strawberries/11.jpg,strawberries
database/cropped/strawberries/12.jpg,strawberries
database/cropped/strawberries/8.jpg,strawberries
database/cropped/strawberries/31.jpg,strawberries
database/cropped/strawberries/41.jpg,strawberries
database/cropped/strawberries/19.jpg,strawberries
database/cropped/strawberries/54.jpg,strawberries
database/cropped/strawberries/33.jpg,strawberries
database/cropped/strawberries/49.jpg,strawberries
database/cropped/strawberries/55.jpg,strawberries
database/cropped/strawberries/18.jpg,strawberries
database/cropped/strawberries/45.jpg,strawberries
database/cropped/strawberries/39.jpg,strawberries
database/cropped/strawberries/32.jpg,strawberries
database/cropped/thyme/0.jpg,thyme
database/cropped/thyme/5.jpg,thyme
database/cropped/thyme/13.jpg,thyme
database/cropped/thyme/10.jpg,thyme
database/cropped/thyme/9.jpg,thyme
database/cropped/thyme/17.jpg,thyme
database/cropped/thyme/20.jpg,thyme
database/cropped/thyme/3.jpg,thyme
database/cropped/thyme/2.jpg,thyme
database/cropped/thyme/4.jpg,thyme
database/cropped/thyme/6.jpg,thyme
database/cropped/thyme/15.jpg,thyme
database/cropped/thyme/1.jpg,thyme
database/cropped/thyme/7.jpg,thyme
database/cropped/thyme/14.jpg,thyme
database/cropped/thyme/16.jpg,thyme
database/cropped/thyme/11.jpg,thyme
database/cropped/thyme/12.jpg,thyme
database/cropped/thyme/8.jpg,thyme
database/cropped/thyme/19.jpg,thyme
database/cropped/thyme/18.jpg,thyme
database/cropped/black_beans/0.jpg,black_beans
database/cropped/black_beans/5.jpg,black_beans
database/cropped/black_beans/13.jpg,black_beans
database/cropped/black_beans/10.jpg,black_beans
database/cropped/black_beans/9.jpg,black_beans
database/cropped/black_beans/17.jpg,black_beans
database/cropped/black_beans/20.jpg,black_beans
database/cropped/black_beans/3.jpg,black_beans
database/cropped/black_beans/2.jpg,black_beans
database/cropped/black_beans/4.jpg,black_beans
database/cropped/black_beans/6.jpg,black_beans
database/cropped/black_beans/15.jpg,black_beans
database/cropped/black_beans/1.jpg,black_beans
database/cropped/black_beans/7.jpg,black_beans
database/cropped/black_beans/14.jpg,black_beans
database/cropped/black_beans/16.jpg,black_beans
database/cropped/black_beans/11.jpg,black_beans
database/cropped/black_beans/12.jpg,black_beans
database/cropped/black_beans/8.jpg,black_beans
database/cropped/black_beans/19.jpg,black_beans
database/cropped/black_beans/18.jpg,black_beans
database/cropped/salmon/0.jpg,salmon
database/cropped/salmon/5.jpg,salmon
database/cropped/salmon/13.jpg,salmon
database/cropped/salmon/10.jpg,salmon
database/cropped/salmon/9.jpg,salmon
database/cropped/salmon/17.jpg,salmon
database/cropped/salmon/20.jpg,salmon
database/cropped/salmon/3.jpg,salmon
database/cropped/salmon/2.jpg,salmon
database/cropped/salmon/4.jpg,salmon
database/cropped/salmon/6.jpg,salmon
database/cropped/salmon/15.jpg,salmon
database/cropped/salmon/1.jpg,salmon
database/cropped/salmon/7.jpg,salmon
database/cropped/salmon/14.jpg,salmon
database/cropped/salmon/16.jpg,salmon
database/cropped/salmon/11.jpg,salmon
database/cropped/salmon/12.jpg,salmon
database/cropped/salmon/8.jpg,salmon
database/cropped/salmon/19.jpg,salmon
database/cropped/salmon/18.jpg,salmon
database/cropped/bay_leaf/0.jpg,bay_leaf
database/cropped/bay_leaf/5.jpg,bay_leaf
database/cropped/bay_leaf/13.jpg,bay_leaf
database/cropped/bay_leaf/10.jpg,bay_leaf
database/cropped/bay_leaf/9.jpg,bay_leaf
database/cropped/bay_leaf/17.jpg,bay_leaf
database/cropped/bay_leaf/20.jpg,bay_leaf
database/cropped/bay_leaf/3.jpg,bay_leaf
database/cropped/bay_leaf/2.jpg,bay_leaf
database/cropped/bay_leaf/4.jpg,bay_leaf
database/cropped/bay_leaf/6.jpg,bay_leaf
database/cropped/bay_leaf/15.jpg,bay_leaf
database/cropped/bay_leaf/1.jpg,bay_leaf
database/cropped/bay_leaf/7.jpg,bay_leaf
database/cropped/bay_leaf/14.jpg,bay_leaf
database/cropped/bay_leaf/16.jpg,bay_leaf
database/cropped/bay_leaf/11.jpg,bay_leaf
database/cropped/bay_leaf/12.jpg,bay_leaf
database/cropped/bay_leaf/8.jpg,bay_leaf
database/cropped/bay_leaf/19.jpg,bay_leaf
database/cropped/bay_leaf/18.jpg,bay_leaf
database/cropped/pinto_beans/0.jpg,pinto_beans
database/cropped/pinto_beans/5.jpg,pinto_beans
database/cropped/pinto_beans/13.jpg,pinto_beans
database/cropped/pinto_beans/10.jpg,pinto_beans
database/cropped/pinto_beans/9.jpg,pinto_beans
database/cropped/pinto_beans/17.jpg,pinto_beans
database/cropped/pinto_beans/20.jpg,pinto_beans
database/cropped/pinto_beans/3.jpg,pinto_beans
database/cropped/pinto_beans/2.jpg,pinto_beans
database/cropped/pinto_beans/4.jpg,pinto_beans
database/cropped/pinto_beans/6.jpg,pinto_beans
database/cropped/pinto_beans/15.jpg,pinto_beans
database/cropped/pinto_beans/1.jpg,pinto_beans
database/cropped/pinto_beans/7.jpg,pinto_beans
database/cropped/pinto_beans/14.jpg,pinto_beans
database/cropped/pinto_beans/16.jpg,pinto_beans
database/cropped/pinto_beans/11.jpg,pinto_beans
database/cropped/pinto_beans/12.jpg,pinto_beans
database/cropped/pinto_beans/8.jpg,pinto_beans
database/cropped/pinto_beans/19.jpg,pinto_beans
database/cropped/pinto_beans/18.jpg,pinto_beans
database/cropped/green_beans/0.jpg,green_beans
database/cropped/green_beans/5.jpg,green_beans
database/cropped/green_beans/13.jpg,green_beans
database/cropped/green_beans/10.jpg,green_beans
database/cropped/green_beans/9.jpg,green_beans
database/cropped/green_beans/17.jpg,green_beans
database/cropped/green_beans/20.jpg,green_beans
database/cropped/green_beans/3.jpg,green_beans
database/cropped/green_beans/2.jpg,green_beans
database/cropped/green_beans/4.jpg,green_beans
database/cropped/green_beans/6.jpg,green_beans
database/cropped/green_beans/15.jpg,green_beans
database/cropped/green_beans/1.jpg,green_beans
database/cropped/green_beans/7.jpg,green_beans
database/cropped/green_beans/14.jpg,green_beans
database/cropped/green_beans/16.jpg,green_beans
database/cropped/green_beans/11.jpg,green_beans
database/cropped/green_beans/12.jpg,green_beans
database/cropped/green_beans/8.jpg,green_beans
database/cropped/green_beans/19.jpg,green_beans
database/cropped/green_beans/18.jpg,green_beans
database/cropped/pork_ribs/0.jpg,pork_ribs
database/cropped/pork_ribs/5.jpg,pork_ribs
database/cropped/pork_ribs/13.jpg,pork_ribs
database/cropped/pork_ribs/10.jpg,pork_ribs
database/cropped/pork_ribs/9.jpg,pork_ribs
database/cropped/pork_ribs/17.jpg,pork_ribs
database/cropped/pork_ribs/20.jpg,pork_ribs
database/cropped/pork_ribs/3.jpg,pork_ribs
database/cropped/pork_ribs/2.jpg,pork_ribs
database/cropped/pork_ribs/4.jpg,pork_ribs
database/cropped/pork_ribs/6.jpg,pork_ribs
database/cropped/pork_ribs/15.jpg,pork_ribs
database/cropped/pork_ribs/1.jpg,pork_ribs
database/cropped/pork_ribs/7.jpg,pork_ribs
database/cropped/pork_ribs/14.jpg,pork_ribs
database/cropped/pork_ribs/16.jpg,pork_ribs
database/cropped/pork_ribs/11.jpg,pork_ribs
database/cropped/pork_ribs/12.jpg,pork_ribs
database/cropped/pork_ribs/8.jpg,pork_ribs
database/cropped/pork_ribs/19.jpg,pork_ribs
database/cropped/pork_ribs/18.jpg,pork_ribs
database/cropped/garlic/24.jpg,garlic
database/cropped/garlic/0.jpg,garlic
database/cropped/garlic/5.jpg,garlic
database/cropped/garlic/13.jpg,garlic
database/cropped/garlic/25.jpg,garlic
database/cropped/garlic/10.jpg,garlic
database/cropped/garlic/9.jpg,garlic
database/cropped/garlic/17.jpg,garlic
database/cropped/garlic/23.jpg,garlic
database/cropped/garlic/20.jpg,garlic
database/cropped/garlic/3.jpg,garlic
database/cropped/garlic/2.jpg,garlic
database/cropped/garlic/22.jpg,garlic
database/cropped/garlic/4.jpg,garlic
database/cropped/garlic/6.jpg,garlic
database/cropped/garlic/15.jpg,garlic
database/cropped/garlic/1.jpg,garlic
database/cropped/garlic/7.jpg,garlic
database/cropped/garlic/21.jpg,garlic
database/cropped/garlic/14.jpg,garlic
database/cropped/garlic/16.jpg,garlic
database/cropped/garlic/11.jpg,garlic
database/cropped/garlic/12.jpg,garlic
database/cropped/garlic/8.jpg,garlic
database/cropped/garlic/19.jpg,garlic
database/cropped/garlic/18.jpg,garlic
database/cropped/bell_pepper/0.jpg,bell_pepper
database/cropped/bell_pepper/5.jpg,bell_pepper
database/cropped/bell_pepper/13.jpg,bell_pepper
database/cropped/bell_pepper/10.jpg,bell_pepper
database/cropped/bell_pepper/9.jpg,bell_pepper
database/cropped/bell_pepper/17.jpg,bell_pepper
database/cropped/bell_pepper/20.jpg,bell_pepper
database/cropped/bell_pepper/3.jpg,bell_pepper
database/cropped/bell_pepper/2.jpg,bell_pepper
database/cropped/bell_pepper/4.jpg,bell_pepper
database/cropped/bell_pepper/6.jpg,bell_pepper
database/cropped/bell_pepper/15.jpg,bell_pepper
database/cropped/bell_pepper/1.jpg,bell_pepper
database/cropped/bell_pepper/7.jpg,bell_pepper
database/cropped/bell_pepper/14.jpg,bell_pepper
database/cropped/bell_pepper/16.jpg,bell_pepper
database/cropped/bell_pepper/11.jpg,bell_pepper
database/cropped/bell_pepper/12.jpg,bell_pepper
database/cropped/bell_pepper/8.jpg,bell_pepper
database/cropped/bell_pepper/19.jpg,bell_pepper
database/cropped/bell_pepper/18.jpg,bell_pepper
